Workbook

Sheet Bảng điểm tổng kết
A1: BẢNG ĐIỂM TỔNG KẾT (Trắc nghiệm 50% + SQL 50%)
A3: STT | B3: Ca thi | C3: Mã sinh viên | D3: Họ và tên | E3: Điểm TN | F3: Điểm SQL | G3: Điểm tổng kết | H3: Ngày sinh | I3: Lớp hành chính | J3: Lớp học phần | K3: Trạng thái thi | L3: Chuyên cần | M3: Bài tập, thảo luận | N3: Trung bình kiểm tra | O3: GPA
A4: 120 | B4: Ca 4 | C4: B25DCCC049 | D4: Nguyễn Toàn Diện | E4: 10 | F4: 9.8 | G4: =IF(OR(E4=0,F4=0),0,E4*0.5+F4*0.5) -> 9.9 | H4: 39371 | I4: D25CQCC01-B | J4: INT1313-20252-06 | K4: Đủ điều kiện | L4: 10 | M4: 10 | N4: 10 | O4: =ROUND(IF(OR(G4=0,L4=0,M4=0,N4=0),0, G4*0.5+L4*0.1+M4*0.2+N4*0.2), 1) -> 10
A5: 17 | B5: Ca 1 | C5: B25DCCC112 | D5: Phùng Hoàng Khoa | E5: 10 | F5: 10 | G5: =IF(OR(E5=0,F5=0),0,E5*0.5+F5*0.5) -> 10 | H5: 39397 | I5: D25CQCC04-B | J5: INT1313-20252-05 | K5: Đủ điều kiện | L5: 10 | M5: 8.5 | N5: 10 | O5: =ROUND(IF(OR(G5=0,L5=0,M5=0,N5=0),0, G5*0.5+L5*0.1+M5*0.2+N5*0.2), 1) -> 9.7
A6: 174 | B6: Ca 6 | C6: B25DCCC294 | D6: Lê Anh Đức | E6: 9.5 | F6: 10 | G6: =IF(OR(E6=0,F6=0),0,E6*0.5+F6*0.5) -> 9.75 | H6: 39402 | I6: D25CQCC06-B | J6: INT1313-20252-07 | K6: Đủ điều kiện | L6: 10 | M6: 8 | N6: 10 | O6: =ROUND(IF(OR(G6=0,L6=0,M6=0,N6=0),0, G6*0.5+L6*0.1+M6*0.2+N6*0.2), 1) -> 9.5
A7: 258 | B7: Ca 8 | C7: B25DCCC246 | D7: Nguyễn Quốc Tuấn | E7: 9 | F7: 10 | G7: =IF(OR(E7=0,F7=0),0,E7*0.5+F7*0.5) -> 9.5 | H7: 39136 | I7: D25CQCC06-B | J7: INT1313-20252-07 | K7: Đủ điều kiện | L7: 9 | M7: 8.5 | N7: 10 | O7: =ROUND(IF(OR(G7=0,L7=0,M7=0,N7=0),0, G7*0.5+L7*0.1+M7*0.2+N7*0.2), 1) -> 9.4
A8: 196 | B8: Ca 6 | C8: B25DCCC288 | D8: Phạm Thành Đạt | E8: 10 | F8: 9.5 | G8: =IF(OR(E8=0,F8=0),0,E8*0.5+F8*0.5) -> 9.75 | H8: 39379 | I8: D25CQCC06-B | J8: INT1313-20252-07 | K8: Đủ điều kiện | L8: 9 | M8: 8 | N8: 10 | O8: =ROUND(IF(OR(G8=0,L8=0,M8=0,N8=0),0, G8*0.5+L8*0.1+M8*0.2+N8*0.2), 1) -> 9.4
A9: 138 | B9: Ca 4 | C9: B25DCCC145 | D9: Đinh Tuấn Minh | E9: 8 | F9: 9 | G9: =IF(OR(E9=0,F9=0),0,E9*0.5+F9*0.5) -> 8.5 | H9: 39302 | I9: D25CQCC01-B | J9: INT1313-20252-06 | K9: Đủ điều kiện | L9: 10 | M9: 10 | N9: 10 | O9: =ROUND(IF(OR(G9=0,L9=0,M9=0,N9=0),0, G9*0.5+L9*0.1+M9*0.2+N9*0.2), 1) -> 9.3
A10: 260 | B10: Ca 8 | C10: B25DCCC148 | D10: Nguyễn Tuấn Đức Mạnh | E10: 10 | F10: 9 | G10: =IF(OR(E10=0,F10=0),0,E10*0.5+F10*0.5) -> 9.5 | H10: 39195 | I10: D25CQCC04-B | J10: INT1313-20252-05 | K10: Đủ điều kiện | L10: 10 | M10: 8 | N10: 9.5 | O10: =ROUND(IF(OR(G10=0,L10=0,M10=0,N10=0),0, G10*0.5+L10*0.1+M10*0.2+N10*0.2), 1) -> 9.3
A11: 205 | B11: Ca 6 | C11: B25DCCC166 | D11: Đỗ Doãn Minh Nhật | E11: 10 | F11: 8.5 | G11: =IF(OR(E11=0,F11=0),0,E11*0.5+F11*0.5) -> 9.25 | H11: 39395 | I11: D25CQCC04-B | J11: INT1313-20252-07 | K11: Đủ điều kiện | L11: 9.5 | M11: 8.5 | N11: 10 | O11: =ROUND(IF(OR(G11=0,L11=0,M11=0,N11=0),0, G11*0.5+L11*0.1+M11*0.2+N11*0.2), 1) -> 9.3
A12: 103 | B12: Ca 3 | C12: B25DCCC035 | D12: Vũ Văn Thanh Bình | E12: 9 | F12: 9.3 | G12: =IF(OR(E12=0,F12=0),0,E12*0.5+F12*0.5) -> 9.15 | H12: 39138 | I12: D25CQCC05-B | J12: INT1313-20252-09 | K12: Đủ điều kiện | L12: 10 | M12: 8.5 | N12: 9.5 | O12: =ROUND(IF(OR(G12=0,L12=0,M12=0,N12=0),0, G12*0.5+L12*0.1+M12*0.2+N12*0.2), 1) -> 9.2
A13: 186 | B13: Ca 6 | C13: B25DCCC140 | D13: Nguyễn Gia Minh | E13: 9.5 | F13: 8.5 | G13: =IF(OR(E13=0,F13=0),0,E13*0.5+F13*0.5) -> 9 | H13: 39374 | I13: D25CQCC02-B | J13: INT1313-20252-07 | K13: Đủ điều kiện | L13: 9.5 | M13: 8.5 | N13: 10 | O13: =ROUND(IF(OR(G13=0,L13=0,M13=0,N13=0),0, G13*0.5+L13*0.1+M13*0.2+N13*0.2), 1) -> 9.2
A14: 154 | B14: Ca 5 | C14: B25DCCC152 | D14: Nguyễn Thế Nam | E14: 9 | F14: 9.5 | G14: =IF(OR(E14=0,F14=0),0,E14*0.5+F14*0.5) -> 9.25 | H14: 39407 | I14: D25CQCC02-B | J14: INT1313-20252-10 | K14: Đủ điều kiện | L14: 10 | M14: 8.5 | N14: 9 | O14: =ROUND(IF(OR(G14=0,L14=0,M14=0,N14=0),0, G14*0.5+L14*0.1+M14*0.2+N14*0.2), 1) -> 9.1
A15: 207 | B15: Ca 6 | C15: B25DCCC198 | D15: Đỗ Vũ Hồng Quân | E15: 9.5 | F15: 8.5 | G15: =IF(OR(E15=0,F15=0),0,E15*0.5+F15*0.5) -> 9 | H15: 39312 | I15: D25CQCC06-B | J15: INT1313-20252-07 | K15: Đủ điều kiện | L15: 9 | M15: 8 | N15: 10 | O15: =ROUND(IF(OR(G15=0,L15=0,M15=0,N15=0),0, G15*0.5+L15*0.1+M15*0.2+N15*0.2), 1) -> 9
... A293: 290 | B293: — | C293: B25DCCC286 | D293: Nguyễn Thành Đạt | E293: 0 | F293: 0 | G293: =IF(OR(E293=0,F293=0),0,E293*0.5+F293*0.5) -> 0 | H293: 39420 | I293: D25CQCC04-B | J293: INT1313-20252-08 | K293: Đủ điều kiện | L293: 0 | M293: 0 | N293: 0 | O293: =ROUND(IF(OR(G293=0,L293=0,M293=0,N293=0),0, G293*0.5+L293*0.1+M293*0.2+N293*0.2), 1) -> 0
D295: Điểm trung bình chung | E295: =AVERAGE(E4:E293) -> 6.8241379 | F295: =AVERAGE(F4:F293) -> 5.4441379 | G295: =AVERAGE(G4:G293) -> 6.0237931 | L295: =AVERAGE(L4:L293) -> 8.2706897 | M295: =AVERAGE(M4:M293) -> 7.7068966 | N295: =AVERAGE(N4:N293) -> 8.6296552 | O295: =AVERAGEA(O4:O293) -> 6.9065517

Sheet Thông tin ca thi
A1: THÔNG TIN CÁC CA THI
A3: Ca thi | B3: Số sinh viên (TN) | C3: Số sinh viên (SQL) | D3: Điểm tổng kết TB
A4: Ca 1 | B4: 35 | C4: 35 | D4: =AVERAGEIF('Bảng điểm tổng kết'!B:B,A4,'Bảng điểm tổng kết'!G:G) -> 6.5571429
A5: Ca 2 | B5: 34 | C5: 35 | D5: =AVERAGEIF('Bảng điểm tổng kết'!B:B,A5,'Bảng điểm tổng kết'!G:G) -> 6.1367647
A6: Ca 3 | B6: 36 | C6: 36 | D6: =AVERAGEIF('Bảng điểm tổng kết'!B:B,A6,'Bảng điểm tổng kết'!G:G) -> 6.2375
A7: Ca 4 | B7: 35 | C7: 35 | D7: =AVERAGEIF('Bảng điểm tổng kết'!B:B,A7,'Bảng điểm tổng kết'!G:G) -> 5.8028571
A8: Ca 5 | B8: 32 | C8: 32 | D8: =AVERAGEIF('Bảng điểm tổng kết'!B:B,A8,'Bảng điểm tổng kết'!G:G) -> 5.2234375
A9: Ca 6 | B9: 35 | C9: 35 | D9: =AVERAGEIF('Bảng điểm tổng kết'!B:B,A9,'Bảng điểm tổng kết'!G:G) -> 6.3114286
A10: Ca 7 | B10: 30 | C10: 30 | D10: =AVERAGEIF('Bảng điểm tổng kết'!B:B,A10,'Bảng điểm tổng kết'!G:G) -> 6.45
A11: Ca 8 | B11: 49 | C11: 49 | D11: =AVERAGEIF('Bảng điểm tổng kết'!B:B,A11,'Bảng điểm tổng kết'!G:G) -> 6.1132653

Sheet Phân bố điểm
A1: PHÂN BỐ ĐIỂM THI
A3: Khoảng điểm | B3: Số SV - Điểm TN | C3: Số SV - Điểm SQL | D3: Số SV - Điểm tổng kết
A4: 0 - <1 | B4: =COUNTIFS('Bảng điểm tổng kết'!$E$4:$E$293,">="&0,'Bảng điểm tổng kết'!$E$4:$E$293,"<"&1) -> 13 | C4: =COUNTIFS('Bảng điểm tổng kết'!$F$4:$F$293,">="&0,'Bảng điểm tổng kết'!$F$4:$F$293,"<"&1) -> 23 | D4: =COUNTIFS('Bảng điểm tổng kết'!$G$4:$G$293,">="&0,'Bảng điểm tổng kết'!$G$4:$G$293,"<"&1) -> 23
A5: 1 - <2 | B5: =COUNTIFS('Bảng điểm tổng kết'!$E$4:$E$293,">="&1,'Bảng điểm tổng kết'!$E$4:$E$293,"<"&2) -> 0 | C5: =COUNTIFS('Bảng điểm tổng kết'!$F$4:$F$293,">="&1,'Bảng điểm tổng kết'!$F$4:$F$293,"<"&2) -> 13 | D5: =COUNTIFS('Bảng điểm tổng kết'!$G$4:$G$293,">="&1,'Bảng điểm tổng kết'!$G$4:$G$293,"<"&2) -> 0
A6: 2 - <3 | B6: =COUNTIFS('Bảng điểm tổng kết'!$E$4:$E$293,">="&2,'Bảng điểm tổng kết'!$E$4:$E$293,"<"&3) -> 0 | C6: =COUNTIFS('Bảng điểm tổng kết'!$F$4:$F$293,">="&2,'Bảng điểm tổng kết'!$F$4:$F$293,"<"&3) -> 7 | D6: =COUNTIFS('Bảng điểm tổng kết'!$G$4:$G$293,">="&2,'Bảng điểm tổng kết'!$G$4:$G$293,"<"&3) -> 1
A7: 3 - <4 | B7: =COUNTIFS('Bảng điểm tổng kết'!$E$4:$E$293,">="&3,'Bảng điểm tổng kết'!$E$4:$E$293,"<"&4) -> 0 | C7: =COUNTIFS('Bảng điểm tổng kết'!$F$4:$F$293,">="&3,'Bảng điểm tổng kết'!$F$4:$F$293,"<"&4) -> 3 | D7: =COUNTIFS('Bảng điểm tổng kết'!$G$4:$G$293,">="&3,'Bảng điểm tổng kết'!$G$4:$G$293,"<"&4) -> 8
A8: 4 - <5 | B8: =COUNTIFS('Bảng điểm tổng kết'!$E$4:$E$293,">="&4,'Bảng điểm tổng kết'!$E$4:$E$293,"<"&5) -> 13 | C8: =COUNTIFS('Bảng điểm tổng kết'!$F$4:$F$293,">="&4,'Bảng điểm tổng kết'!$F$4:$F$293,"<"&5) -> 75 | D8: =COUNTIFS('Bảng điểm tổng kết'!$G$4:$G$293,">="&4,'Bảng điểm tổng kết'!$G$4:$G$293,"<"&5) -> 20
A9: 5 - <6 | B9: =COUNTIFS('Bảng điểm tổng kết'!$E$4:$E$293,">="&5,'Bảng điểm tổng kết'!$E$4:$E$293,"<"&6) -> 33 | C9: =COUNTIFS('Bảng điểm tổng kết'!$F$4:$F$293,">="&5,'Bảng điểm tổng kết'!$F$4:$F$293,"<"&6) -> 18 | D9: =COUNTIFS('Bảng điểm tổng kết'!$G$4:$G$293,">="&5,'Bảng điểm tổng kết'!$G$4:$G$293,"<"&6) -> 59
A10: 6 - <7 | B10: =COUNTIFS('Bảng điểm tổng kết'!$E$4:$E$293,">="&6,'Bảng điểm tổng kết'!$E$4:$E$293,"<"&7) -> 60 | C10: =COUNTIFS('Bảng điểm tổng kết'!$F$4:$F$293,">="&6,'Bảng điểm tổng kết'!$F$4:$F$293,"<"&7) -> 70 | D10: =COUNTIFS('Bảng điểm tổng kết'!$G$4:$G$293,">="&6,'Bảng điểm tổng kết'!$G$4:$G$293,"<"&7) -> 72
A11: 7 - <8 | B11: =COUNTIFS('Bảng điểm tổng kết'!$E$4:$E$293,">="&7,'Bảng điểm tổng kết'!$E$4:$E$293,"<"&8) -> 67 | C11: =COUNTIFS('Bảng điểm tổng kết'!$F$4:$F$293,">="&7,'Bảng điểm tổng kết'!$F$4:$F$293,"<"&8) -> 32 | D11: =COUNTIFS('Bảng điểm tổng kết'!$G$4:$G$293,">="&7,'Bảng điểm tổng kết'!$G$4:$G$293,"<"&8) -> 57
A12: 8 - <9 | B12: =COUNTIFS('Bảng điểm tổng kết'!$E$4:$E$293,">="&8,'Bảng điểm tổng kết'!$E$4:$E$293,"<"&9) -> 64 | C12: =COUNTIFS('Bảng điểm tổng kết'!$F$4:$F$293,">="&8,'Bảng điểm tổng kết'!$F$4:$F$293,"<"&9) -> 33 | D12: =COUNTIFS('Bảng điểm tổng kết'!$G$4:$G$293,">="&8,'Bảng điểm tổng kết'!$G$4:$G$293,"<"&9) -> 35
A13: 9 - 10 | B13: =COUNTIFS('Bảng điểm tổng kết'!$E$4:$E$293,">="&9,'Bảng điểm tổng kết'!$E$4:$E$293,"<"&10.0001) -> 40 | C13: =COUNTIFS('Bảng điểm tổng kết'!$F$4:$F$293,">="&9,'Bảng điểm tổng kết'!$F$4:$F$293,"<"&10.0001) -> 16 | D13: =COUNTIFS('Bảng điểm tổng kết'!$G$4:$G$293,">="&9,'Bảng điểm tổng kết'!$G$4:$G$293,"<"&10.0001) -> 15
A14: Tổng | B14: =SUM(B4:B13) -> 290 | C14: =SUM(C4:C13) -> 290 | D14: =SUM(D4:D13) -> 290
